replicate_date,plot,replicate_zone,month_year,nms1,nms2,nms3
1-1-2016-12-01,1,1,2016_12,0.35443,-0.86361,-0.08045
1-2-2016-12-01,1,2,2016_12,0.43599,-0.83008,0.12287
1-3-2016-12-01,1,3,2016_12,1.34549,0.24239,-0.15158
14-1-2016-12-01,14,1,2016_12,-0.06129,-0.48778,-0.29834
14-2-2016-12-01,14,2,2016_12,0.29632,-0.26528,0.76108
14-3-2016-12-01,14,3,2016_12,0.46158,0.56008,-0.47494
16-1-2016-12-01,16,1,2016_12,-0.67923,-0.09148,-0.23165
16-2-2016-12-01,16,2,2016_12,0.01464,0.5245,0.31275
16-3-2016-12-01,16,3,2016_12,0.33503,0.72218,-0.12419
19-1-2016-12-01,19,1,2016_12,-0.17202,-0.31894,-0.20776
19-2-2016-12-01,19,2,2016_12,-0.26767,0.49426,0.448
19-3-2016-12-01,19,3,2016_12,-0.10787,0.63116,-0.47353
1-1-2017-01-01,1,1,2017_1,-1.76458,0.34208,0.01075
1-2-2017-01-01,1,2,2017_1,-1.76453,0.34569,0.02148
1-3-2017-01-01,1,3,2017_1,0.54616,0.64689,0.19395
14-1-2017-01-01,14,1,2017_1,-1.76481,0.3433,0.01978
14-2-2017-01-01,14,2,2017_1,-1.12018,0.29694,0.02039
14-3-2017-01-01,14,3,2017_1,-0.61401,0.56771,-0.22929
16-1-2017-01-01,16,1,2017_1,-1.7636,0.35358,0.02204
16-2-2017-01-01,16,2,2017_1,-1.76338,0.35151,0.00894
16-3-2017-01-01,16,3,2017_1,-0.34209,0.58744,-0.01846
19-2-2017-01-01,19,2,2017_1,-1.23537,0.31322,0.33629
19-3-2017-01-01,19,3,2017_1,-0.05464,0.64878,-0.47321
4-1-2017-01-01,4,1,2017_1,-1.76523,0.34029,0.02158
4-2-2017-01-01,4,2,2017_1,-0.62755,0.4074,-0.0116
4-3-2017-01-01,4,3,2017_1,0.58788,0.46368,-0.17814
7-1-2017-01-01,7,1,2017_1,-1.76381,0.35241,0.02361
7-2-2017-01-01,7,2,2017_1,-1.32459,0.35661,0.06555
7-3-2017-01-01,7,3,2017_1,0.43602,0.58687,-0.46718
9-1-2017-01-01,9,1,2017_1,-1.76421,0.34812,0.02008
9-2-2017-01-01,9,2,2017_1,-1.76433,0.34496,0.01169
9-3-2017-01-01,9,3,2017_1,0.04994,0.66327,-0.49609
1-1-2017-02-01,1,1,2017_2,-1.76472,0.34241,0.01071
1-2-2017-02-01,1,2,2017_2,-1.07935,-0.24733,0.05098
1-3-2017-02-01,1,3,2017_2,0.5908,0.4621,-0.28049
14-1-2017-02-01,14,1,2017_2,-1.76336,0.35404,0.01739
14-2-2017-02-01,14,2,2017_2,-0.97596,0.27027,0.15468
14-3-2017-02-01,14,3,2017_2,-0.14229,0.64459,-0.34418
16-1-2017-02-01,16,1,2017_2,-1.76409,0.35046,0.02435
16-2-2017-02-01,16,2,2017_2,-0.91514,0.44313,0.24244
16-3-2017-02-01,16,3,2017_2,0.66735,0.3509,-0.22045
19-1-2017-02-01,19,1,2017_2,-1.76329,0.35513,0.01843
19-2-2017-02-01,19,2,2017_2,-1.48658,0.19709,0.26049
19-3-2017-02-01,19,3,2017_2,-0.08558,0.65324,-0.47571
4-1-2017-02-01,4,1,2017_2,-1.7646,0.34198,0.00985
4-2-2017-02-01,4,2,2017_2,-0.70708,0.46552,-0.07878
4-3-2017-02-01,4,3,2017_2,0.32708,0.53787,-0.1755
7-1-2017-02-01,7,1,2017_2,-1.76403,0.35032,0.02286
7-2-2017-02-01,7,2,2017_2,-1.76292,0.35739,0.01517
7-3-2017-02-01,7,3,2017_2,0.50974,0.57846,-0.46573
9-2-2017-02-01,9,2,2017_2,-1.76354,0.35162,0.01343
9-3-2017-02-01,9,3,2017_2,-0.5337,0.59817,-0.23232
1-1-2017-03-01,1,1,2017_3,-1.76357,0.35454,0.0227
1-2-2017-03-01,1,2,2017_3,-0.62395,-0.60644,0.00237
1-3-2017-03-01,1,3,2017_3,1.13258,0.00604,-0.07405
14-1-2017-03-01,14,1,2017_3,-1.76416,0.34623,0.011
14-2-2017-03-01,14,2,2017_3,-0.53038,0.41572,0.08829
14-3-2017-03-01,14,3,2017_3,0.10165,0.63087,-0.39414
16-1-2017-03-01,16,1,2017_3,-1.76498,0.3424,0.02361
16-2-2017-03-01,16,2,2017_3,-0.72369,0.01237,0.35835
16-3-2017-03-01,16,3,2017_3,0.67527,0.34109,-0.19579
19-1-2017-03-01,19,1,2017_3,-1.76372,0.35185,0.01879
19-2-2017-03-01,19,2,2017_3,-0.86741,0.34901,0.25529
19-3-2017-03-01,19,3,2017_3,-0.04842,0.69841,-0.39127
4-1-2017-03-01,4,1,2017_3,-1.76509,0.34126,0.02309
4-2-2017-03-01,4,2,2017_3,-0.4867,0.29492,0.30436
4-3-2017-03-01,4,3,2017_3,0.5144,0.57553,-0.14596
7-1-2017-03-01,7,1,2017_3,-1.76381,0.34937,0.01401
7-2-2017-03-01,7,2,2017_3,-0.7963,0.40846,0.05938
7-3-2017-03-01,7,3,2017_3,0.69446,0.50625,-0.59546
9-1-2017-03-01,9,1,2017_3,-1.76438,0.34443,0.01039
9-2-2017-03-01,9,2,2017_3,-0.72034,0.46604,-0.17706
9-3-2017-03-01,9,3,2017_3,0.09192,0.65989,-0.46987
1-1-2017-04-01,1,1,2017_4,0.00559,-0.89203,-0.22397
1-2-2017-04-01,1,2,2017_4,0.00744,-0.62659,-0.03507
1-3-2017-04-01,1,3,2017_4,0.89282,0.28825,-0.26414
14-1-2017-04-01,14,1,2017_4,-1.76517,0.34026,0.01773
14-2-2017-04-01,14,2,2017_4,-0.21767,0.47984,0.38001
14-3-2017-04-01,14,3,2017_4,0.32167,0.54671,-0.36735
16-1-2017-04-01,16,1,2017_4,-1.7642,0.34801,0.02143
16-2-2017-04-01,16,2,2017_4,-0.15388,-0.51615,0.08506
16-3-2017-04-01,16,3,2017_4,0.98629,0.25976,-0.27894
19-1-2017-04-01,19,1,2017_4,-1.76368,0.35163,0.01764
19-2-2017-04-01,19,2,2017_4,-0.52257,0.3485,0.44497
19-3-2017-04-01,19,3,2017_4,0.26438,0.53096,-0.71336
4-1-2017-04-01,4,1,2017_4,-0.66215,0.12553,-0.3101
4-2-2017-04-01,4,2,2017_4,-0.07625,0.46533,0.30368
4-3-2017-04-01,4,3,2017_4,0.46628,0.51295,-0.44935
7-1-2017-04-01,7,1,2017_4,-1.39018,-0.14301,-0.66141
7-2-2017-04-01,7,2,2017_4,-0.19258,0.69227,-0.10527
7-3-2017-04-01,7,3,2017_4,0.39489,0.55932,-0.60734
9-1-2017-04-01,9,1,2017_4,-1.76406,0.34737,0.01304
9-2-2017-04-01,9,2,2017_4,-0.51457,0.35134,-0.22287
9-3-2017-04-01,9,3,2017_4,0.20879,0.62712,-0.44629
1-1-2017-05-01,1,1,2017_5,-0.0085,-1.08381,-0.2276
1-2-2017-05-01,1,2,2017_5,-0.04147,-0.96004,0.11552
1-3-2017-05-01,1,3,2017_5,0.81504,0.31023,0.06881
14-1-2017-05-01,14,1,2017_5,-0.12461,-0.41869,-0.5075
14-2-2017-05-01,14,2,2017_5,-0.25695,0.1711,0.50752
14-3-2017-05-01,14,3,2017_5,0.31138,0.55126,-0.29378
16-2-2017-05-01,16,2,2017_5,0.04158,-0.53989,0.33785
16-3-2017-05-01,16,3,2017_5,0.82633,0.35521,-0.39956
19-1-2017-05-01,19,1,2017_5,-0.19033,-0.37199,-0.05847
19-2-2017-05-01,19,2,2017_5,-0.24663,0.33124,0.60746
19-3-2017-05-01,19,3,2017_5,0.13903,0.75278,-0.09777
4-1-2017-05-01,4,1,2017_5,-0.13432,-0.30437,-0.76757
4-2-2017-05-01,4,2,2017_5,-0.1926,0.25644,0.53354
4-3-2017-05-01,4,3,2017_5,0.25468,0.64844,-0.40163
7-1-2017-05-01,7,1,2017_5,-0.8708,-0.61116,-0.42144
7-2-2017-05-01,7,2,2017_5,-0.13991,0.43697,0.47987
7-3-2017-05-01,7,3,2017_5,0.37193,0.71491,-0.03805
9-1-2017-05-01,9,1,2017_5,-1.76532,0.34024,0.0224
9-2-2017-05-01,9,2,2017_5,-0.16447,-0.15507,-0.22211
9-3-2017-05-01,9,3,2017_5,0.03098,0.65014,-0.45473
1-1-2017-06-01,1,1,2017_6,-0.02177,-1.11778,-0.22102
1-2-2017-06-01,1,2,2017_6,0.06411,-1.11145,0.22792
1-3-2017-06-01,1,3,2017_6,0.68802,0.38224,0.01362
14-1-2017-06-01,14,1,2017_6,-0.09444,-0.543,-0.48627
14-2-2017-06-01,14,2,2017_6,-0.28785,0.11763,0.62394
14-3-2017-06-01,14,3,2017_6,0.3796,0.51847,-0.31817
16-1-2017-06-01,16,1,2017_6,-0.05999,-0.44055,-0.28122
16-2-2017-06-01,16,2,2017_6,-0.04322,-0.55365,0.41754
16-3-2017-06-01,16,3,2017_6,0.98309,0.33576,-0.46231
19-1-2017-06-01,19,1,2017_6,-0.17913,-0.56893,-0.03709
19-2-2017-06-01,19,2,2017_6,-0.24773,0.15223,0.87347
19-3-2017-06-01,19,3,2017_6,0.18526,0.748,-0.12959
4-1-2017-06-01,4,1,2017_6,-0.14107,-0.23376,-0.95722
4-2-2017-06-01,4,2,2017_6,0.19419,0.13979,0.48939
4-3-2017-06-01,4,3,2017_6,0.42132,0.5686,-0.34525
7-1-2017-06-01,7,1,2017_6,-0.13191,-0.59311,-0.52129
7-2-2017-06-01,7,2,2017_6,-0.16614,0.48902,0.5145
7-3-2017-06-01,7,3,2017_6,0.41523,0.56598,-0.16043
9-1-2017-06-01,9,1,2017_6,-0.18091,0.63033,-0.54336
9-2-2017-06-01,9,2,2017_6,-0.1967,0.04677,-0.22478
9-3-2017-06-01,9,3,2017_6,0.0375,0.65359,-0.45206
1-1-2017-07-01,1,1,2017_7,-0.01381,-1.134,-0.21784
1-2-2017-07-01,1,2,2017_7,-0.03023,-1.04611,0.16199
1-3-2017-07-01,1,3,2017_7,0.93756,0.2743,0.1808
14-1-2017-07-01,14,1,2017_7,-0.10684,-0.80618,-0.54898
14-2-2017-07-01,14,2,2017_7,-0.28776,-0.13529,0.68418
14-3-2017-07-01,14,3,2017_7,0.44526,0.49869,-0.32404
16-1-2017-07-01,16,1,2017_7,0.032,-0.92321,-0.24765
16-2-2017-07-01,16,2,2017_7,0.24573,-0.26507,0.52217
16-3-2017-07-01,16,3,2017_7,0.97187,0.21687,-0.1215
19-1-2017-07-01,19,1,2017_7,-0.20896,-0.69234,0.05757
19-2-2017-07-01,19,2,2017_7,-0.26006,0.14503,0.84253
19-3-2017-07-01,19,3,2017_7,0.28538,0.62069,0.05492
4-1-2017-07-01,4,1,2017_7,-0.22182,-0.80128,-0.5586
4-2-2017-07-01,4,2,2017_7,0.24139,0.12235,0.4832
4-3-2017-07-01,4,3,2017_7,0.42446,0.57239,-0.35279
7-1-2017-07-01,7,1,2017_7,-0.20278,-0.75979,-0.48501
7-2-2017-07-01,7,2,2017_7,-0.17501,0.56893,0.28517
7-3-2017-07-01,7,3,2017_7,0.69076,0.58733,0.11042
9-1-2017-07-01,9,1,2017_7,-0.18511,0.63619,-0.53977
9-2-2017-07-01,9,2,2017_7,-0.1443,-0.27215,-0.1657
9-3-2017-07-01,9,3,2017_7,0.1663,0.62419,-0.51358
1-1-2017-08-01,1,1,2017_8,-0.0123,-1.19236,-0.23651
1-2-2017-08-01,1,2,2017_8,-0.02376,-1.08885,0.20215
1-3-2017-08-01,1,3,2017_8,1.04947,0.3337,0.2125
14-1-2017-08-01,14,1,2017_8,-0.00161,-0.82554,-0.51386
14-2-2017-08-01,14,2,2017_8,-0.06387,-0.33046,1.06867
14-3-2017-08-01,14,3,2017_8,0.41617,0.4856,-0.30056
16-1-2017-08-01,16,1,2017_8,0.03553,-0.91724,-0.25054
16-2-2017-08-01,16,2,2017_8,0.25565,-0.34951,0.5303
16-3-2017-08-01,16,3,2017_8,0.91318,0.25998,-0.19911
19-1-2017-08-01,19,1,2017_8,-0.23011,-0.68991,0.16648
19-2-2017-08-01,19,2,2017_8,-0.26512,0.06518,0.98264
19-3-2017-08-01,19,3,2017_8,0.3292,0.65381,-0.23031
4-1-2017-08-01,4,1,2017_8,-0.16597,-0.39831,-1.00802
4-2-2017-08-01,4,2,2017_8,0.1089,0.18962,0.51197
4-3-2017-08-01,4,3,2017_8,0.43318,0.53377,-0.13796
7-1-2017-08-01,7,1,2017_8,-0.15725,-0.58595,-0.50398
7-2-2017-08-01,7,2,2017_8,0.01773,0.404,0.31962
7-3-2017-08-01,7,3,2017_8,0.71493,0.43343,0.16754
9-1-2017-08-01,9,1,2017_8,-0.18281,0.6345,-0.54632
9-2-2017-08-01,9,2,2017_8,-0.15152,-0.19712,-0.1665
9-3-2017-08-01,9,3,2017_8,0.0543,0.616,-0.50587
1-1-2017-09-01,1,1,2017_9,-0.01983,-1.14926,-0.20999
1-2-2017-09-01,1,2,2017_9,0.37539,-0.83845,0.18436
1-3-2017-09-01,1,3,2017_9,1.07854,0.27884,0.27401
14-1-2017-09-01,14,1,2017_9,-0.086,-0.76993,-0.50814
14-2-2017-09-01,14,2,2017_9,-0.23501,-0.02532,0.75905
14-3-2017-09-01,14,3,2017_9,0.40223,0.46619,-0.21157
16-1-2017-09-01,16,1,2017_9,0.0585,-1.03938,-0.26495
16-2-2017-09-01,16,2,2017_9,0.34878,-0.42835,0.66794
16-3-2017-09-01,16,3,2017_9,0.9351,0.19586,0.00324
19-1-2017-09-01,19,1,2017_9,-0.22997,-0.62806,-0.01298
19-2-2017-09-01,19,2,2017_9,-0.26122,0.10002,1.0115
19-3-2017-09-01,19,3,2017_9,0.40431,0.66931,-0.15172
4-1-2017-09-01,4,1,2017_9,-0.13595,-0.3487,-1.23044
4-2-2017-09-01,4,2,2017_9,0.38072,0.01733,0.50234
4-3-2017-09-01,4,3,2017_9,0.7698,0.48222,0.18371
7-1-2017-09-01,7,1,2017_9,-0.14724,-0.59585,-0.52663
7-2-2017-09-01,7,2,2017_9,0.22089,0.23753,0.41677
7-3-2017-09-01,7,3,2017_9,0.72398,0.36629,0.23043
9-1-2017-09-01,9,1,2017_9,-0.18279,0.63433,-0.54651
9-2-2017-09-01,9,2,2017_9,-0.16228,-0.13782,-0.09759
9-3-2017-09-01,9,3,2017_9,0.04966,0.63146,-0.47616
1-1-2017-10-01,1,1,2017_10,-0.05552,-1.25424,-0.21697
1-2-2017-10-01,1,2,2017_10,-0.06857,-1.17113,0.1315
1-3-2017-10-01,1,3,2017_10,1.18605,0.29542,0.27339
14-1-2017-10-01,14,1,2017_10,-0.10666,-0.84665,-0.55561
14-2-2017-10-01,14,2,2017_10,-0.09889,-0.30417,0.68657
14-3-2017-10-01,14,3,2017_10,0.4242,0.48149,-0.27491
16-1-2017-10-01,16,1,2017_10,-0.19819,0.28463,-0.53629
16-2-2017-10-01,16,2,2017_10,0.28694,-0.40775,0.4641
16-3-2017-10-01,16,3,2017_10,0.94353,0.21353,-0.04845
19-1-2017-10-01,19,1,2017_10,-0.076,-0.52241,-0.03921
19-2-2017-10-01,19,2,2017_10,-0.2762,0.05703,0.96322
19-3-2017-10-01,19,3,2017_10,0.2481,0.5977,-0.1046
4-1-2017-10-01,4,1,2017_10,-0.19723,-0.59956,-0.89254
4-2-2017-10-01,4,2,2017_10,0.50589,-0.02027,0.74038
4-3-2017-10-01,4,3,2017_10,0.71363,0.52634,0.18664
7-1-2017-10-01,7,1,2017_10,-0.16469,-0.61354,-0.50946
7-2-2017-10-01,7,2,2017_10,0.29335,0.31833,0.42597
7-3-2017-10-01,7,3,2017_10,0.70729,0.38431,0.46146
9-1-2017-10-01,9,1,2017_10,-0.18281,0.6345,-0.54631
9-2-2017-10-01,9,2,2017_10,-0.16337,-0.19907,-0.03043
9-3-2017-10-01,9,3,2017_10,0.04961,0.63157,-0.47601
1-1-2017-11-01,1,1,2017_11,0.00263,-1.14633,-0.23259
1-2-2017-11-01,1,2,2017_11,-0.11385,-1.14071,0.02644
1-3-2017-11-01,1,3,2017_11,1.15879,0.32134,0.28525
14-1-2017-11-01,14,1,2017_11,-0.09482,-0.82773,-0.52757
14-2-2017-11-01,14,2,2017_11,-0.05192,-0.25854,0.86872
14-3-2017-11-01,14,3,2017_11,0.51153,0.37437,-0.1435
16-1-2017-11-01,16,1,2017_11,0.08435,-1.05876,-0.28409
16-2-2017-11-01,16,2,2017_11,0.35249,-0.44943,0.47397
16-3-2017-11-01,16,3,2017_11,0.84394,0.24885,-0.06975
19-1-2017-11-01,19,1,2017_11,-0.19547,-0.64229,-0.02735
19-2-2017-11-01,19,2,2017_11,-0.1896,0.01723,1.0343
19-3-2017-11-01,19,3,2017_11,0.39993,0.61969,-0.10886
4-1-2017-11-01,4,1,2017_11,-0.11444,-0.31943,-1.18687
4-2-2017-11-01,4,2,2017_11,0.45372,-0.09238,0.65962
4-3-2017-11-01,4,3,2017_11,0.70486,0.43592,-0.09675
7-1-2017-11-01,7,1,2017_11,-0.17681,-0.74249,-0.50511
7-2-2017-11-01,7,2,2017_11,0.11572,0.2009,0.40191
7-3-2017-11-01,7,3,2017_11,0.87257,0.35527,0.25679
9-1-2017-11-01,9,1,2017_11,-0.17791,0.56072,-0.59058
9-2-2017-11-01,9,2,2017_11,-0.16568,-0.12169,-0.06164
9-3-2017-11-01,9,3,2017_11,0.11053,0.6422,-0.50203
1-1-2017-12-01,1,1,2017_12,0.014,-1.1464,-0.21093
1-2-2017-12-01,1,2,2017_12,-0.12493,-1.09646,0.11071
1-3-2017-12-01,1,3,2017_12,1.15351,0.26338,0.35984
14-1-2017-12-01,14,1,2017_12,-0.08702,-0.7859,-0.51047
14-2-2017-12-01,14,2,2017_12,-0.05922,-0.33749,0.90318
14-3-2017-12-01,14,3,2017_12,0.62343,0.34755,-0.10604
16-1-2017-12-01,16,1,2017_12,0.02566,-1.07807,-0.26815
16-2-2017-12-01,16,2,2017_12,0.39489,-0.41313,0.60725
16-3-2017-12-01,16,3,2017_12,1.01944,0.2207,-0.00056
19-1-2017-12-01,19,1,2017_12,-0.2209,-0.56828,-0.04395
19-2-2017-12-01,19,2,2017_12,-0.26734,0.05538,1.0624
19-3-2017-12-01,19,3,2017_12,0.68701,0.43966,0.16653
4-1-2017-12-01,4,1,2017_12,-0.1001,-0.28623,-1.16424
4-2-2017-12-01,4,2,2017_12,0.26545,0.06249,0.40732
4-3-2017-12-01,4,3,2017_12,0.65338,0.53115,0.07
7-1-2017-12-01,7,1,2017_12,-0.1899,-0.63776,-0.47719
7-2-2017-12-01,7,2,2017_12,0.1041,0.22807,0.43751
7-3-2017-12-01,7,3,2017_12,0.85445,0.46091,0.16742
9-1-2017-12-01,9,1,2017_12,-0.17243,0.55657,-0.56132
9-2-2017-12-01,9,2,2017_12,-0.15355,-0.14278,-0.01405
9-3-2017-12-01,9,3,2017_12,0.0614,0.65829,-0.51968
1-1-2018-01-01,1,1,2018_1,-0.01491,-1.16122,-0.2419
1-2-2018-01-01,1,2,2018_1,-0.1336,-1.22029,0.0105
1-3-2018-01-01,1,3,2018_1,1.12991,0.31993,0.33108
14-1-2018-01-01,14,1,2018_1,-0.10668,-0.84604,-0.55765
14-2-2018-01-01,14,2,2018_1,-0.19238,-0.33299,0.90837
14-3-2018-01-01,14,3,2018_1,0.72596,0.27642,0.04915
16-1-2018-01-01,16,1,2018_1,0.03685,-0.97481,-0.25858
16-2-2018-01-01,16,2,2018_1,0.35945,-0.44545,0.51408
16-3-2018-01-01,16,3,2018_1,1.03079,0.20974,0.02949
19-1-2018-01-01,19,1,2018_1,-0.22602,-0.55457,-0.05511
19-2-2018-01-01,19,2,2018_1,-0.18503,0.11115,1.01096
19-3-2018-01-01,19,3,2018_1,0.4297,0.53652,0.04348
4-2-2018-01-01,4,2,2018_1,-0.49039,0.25883,0.28756
4-3-2018-01-01,4,3,2018_1,0.78388,0.4705,0.01609
7-2-2018-01-01,7,2,2018_1,0.10852,0.31868,0.39139
7-3-2018-01-01,7,3,2018_1,0.76111,0.48873,0.08001
9-1-2018-01-01,9,1,2018_1,-1.7648,0.3439,0.02271
9-2-2018-01-01,9,2,2018_1,-0.59644,0.14511,0.04666
9-3-2018-01-01,9,3,2018_1,0.05097,0.66405,-0.53922
1-1-2018-02-01,1,1,2018_2,0.16345,-1.15752,-0.18803
1-2-2018-02-01,1,2,2018_2,-0.01862,-1.17376,-0.06742
1-3-2018-02-01,1,3,2018_2,1.13343,0.24411,0.31722
14-1-2018-02-01,14,1,2018_2,-0.08923,-0.80087,-0.56284
14-2-2018-02-01,14,2,2018_2,0.02692,-0.34566,0.77277
14-3-2018-02-01,14,3,2018_2,0.62135,0.38176,-0.12674
16-1-2018-02-01,16,1,2018_2,0.05497,-0.98376,-0.25937
16-2-2018-02-01,16,2,2018_2,0.33495,-0.57965,0.47756
16-3-2018-02-01,16,3,2018_2,1.23029,0.13854,0.06546
19-1-2018-02-01,19,1,2018_2,-0.21633,-0.54659,-0.1055
19-2-2018-02-01,19,2,2018_2,-0.05593,0.10057,1.03232
19-3-2018-02-01,19,3,2018_2,0.57925,0.44253,0.0207
4-1-2018-02-01,4,1,2018_2,0.80953,-0.35517,-0.545
4-2-2018-02-01,4,2,2018_2,0.61585,0.00799,0.92236
4-3-2018-02-01,4,3,2018_2,0.86379,0.63403,0.36428
7-1-2018-02-01,7,1,2018_2,0.26874,-0.02881,-0.54769
7-2-2018-02-01,7,2,2018_2,0.24535,0.34238,0.35283
7-3-2018-02-01,7,3,2018_2,0.8944,0.39117,0.16336
9-1-2018-02-01,9,1,2018_2,-1.76472,0.34197,0.01403
9-2-2018-02-01,9,2,2018_2,-0.25282,-0.79232,0.37356
9-3-2018-02-01,9,3,2018_2,0.12441,0.68099,-0.52243
1-2-2018-03-01,1,2,2018_3,0.17476,-0.84533,0.25444
1-3-2018-03-01,1,3,2018_3,1.18446,0.32879,0.25021
14-1-2018-03-01,14,1,2018_3,-0.09612,-0.84812,-0.55329
14-2-2018-03-01,14,2,2018_3,0.10278,-0.52145,0.69589
14-3-2018-03-01,14,3,2018_3,0.70803,0.32197,-0.10151
16-1-2018-03-01,16,1,2018_3,0.05159,-1.00157,-0.25242
16-2-2018-03-01,16,2,2018_3,0.32365,-0.54091,0.47752
16-3-2018-03-01,16,3,2018_3,1.10914,0.19188,0.00564
19-1-2018-03-01,19,1,2018_3,-1.76303,0.35547,0.01241
19-2-2018-03-01,19,2,2018_3,-0.13074,0.06867,1.08942
19-3-2018-03-01,19,3,2018_3,0.64893,0.50507,-0.07028
4-1-2018-03-01,4,1,2018_3,-1.76384,0.35082,0.01886
4-2-2018-03-01,4,2,2018_3,0.11431,0.39201,0.56755
4-3-2018-03-01,4,3,2018_3,0.66603,0.42611,-0.18871
7-1-2018-03-01,7,1,2018_3,-0.73878,-0.14796,-0.13412
7-2-2018-03-01,7,2,2018_3,0.29682,0.3086,0.4493
7-3-2018-03-01,7,3,2018_3,0.90226,0.37216,0.18005
9-1-2018-03-01,9,1,2018_3,-1.76463,0.34434,0.01867
9-2-2018-03-01,9,2,2018_3,-0.16256,-0.12861,-0.05011
9-3-2018-03-01,9,3,2018_3,0.13923,0.64952,-0.52551
14-1-2018-04-01,14,1,2018_4,-1.76315,0.35321,0.00954
14-2-2018-04-01,14,2,2018_4,-0.1156,0.33586,0.55275
14-3-2018-04-01,14,3,2018_4,0.50613,0.45741,-0.16674
16-2-2018-04-01,16,2,2018_4,0.40073,-0.58025,0.60078
16-3-2018-04-01,16,3,2018_4,0.97349,0.1977,-0.13583
19-1-2018-04-01,19,1,2018_4,0.33201,-0.71285,0.25143
19-2-2018-04-01,19,2,2018_4,-0.05609,0.18178,0.79903
19-3-2018-04-01,19,3,2018_4,0.33743,0.66169,-0.15279
1-1-2018-05-01,1,1,2018_5,0.03506,-0.72647,-0.19803
1-2-2018-05-01,1,2,2018_5,0.18507,-1.13081,0.11957
1-3-2018-05-01,1,3,2018_5,1.06295,0.21852,0.11887
14-1-2018-05-01,14,1,2018_5,-0.10743,-0.52107,-0.51938
14-2-2018-05-01,14,2,2018_5,0.26432,-0.24696,1.00009
14-3-2018-05-01,14,3,2018_5,0.7245,0.26417,0.01037
16-1-2018-05-01,16,1,2018_5,-1.76322,0.35409,0.01208
16-2-2018-05-01,16,2,2018_5,0.17859,-0.60367,0.60429
16-3-2018-05-01,16,3,2018_5,1.25548,0.22024,-0.20514
19-1-2018-05-01,19,1,2018_5,0.25424,-0.82869,0.17998
19-2-2018-05-01,19,2,2018_5,0.14727,0.00041,0.97187
19-3-2018-05-01,19,3,2018_5,0.81936,0.34206,0.2134
4-1-2018-05-01,4,1,2018_5,-0.17685,-0.16048,-0.7576
4-2-2018-05-01,4,2,2018_5,0.38369,0.10272,0.81436
4-3-2018-05-01,4,3,2018_5,0.37954,0.51051,-0.04933
7-1-2018-05-01,7,1,2018_5,-1.7643,0.34806,0.02218
7-2-2018-05-01,7,2,2018_5,0.18815,0.35343,0.34106
7-3-2018-05-01,7,3,2018_5,0.76253,0.29637,0.13624
9-1-2018-05-01,9,1,2018_5,-0.16277,0.28264,-0.68971
9-2-2018-05-01,9,2,2018_5,-0.15858,-0.1571,-0.07781
9-3-2018-05-01,9,3,2018_5,0.22907,0.6313,-0.47595
1-1-2018-07-01,1,1,2018_7,0.03212,-0.84992,-0.20912
1-2-2018-07-01,1,2,2018_7,0.2115,-0.99442,0.08814
1-3-2018-07-01,1,3,2018_7,1.00366,0.21795,0.18024
14-1-2018-07-01,14,1,2018_7,0.05193,-0.57959,-0.38654
14-2-2018-07-01,14,2,2018_7,0.11844,-0.09902,0.97158
14-3-2018-07-01,14,3,2018_7,0.73607,0.30465,-0.05907
16-1-2018-07-01,16,1,2018_7,-0.02705,-0.55841,-0.26252
16-2-2018-07-01,16,2,2018_7,0.05842,-0.68263,0.93973
16-3-2018-07-01,16,3,2018_7,1.18537,0.17647,-0.16436
19-1-2018-07-01,19,1,2018_7,-0.22053,-0.92536,0.14915
19-2-2018-07-01,19,2,2018_7,0.03281,0.08672,0.93167
19-3-2018-07-01,19,3,2018_7,0.76469,0.30477,0.19118
4-1-2018-07-01,4,1,2018_7,0.56249,-0.36028,-0.67256
4-2-2018-07-01,4,2,2018_7,0.30842,-0.00218,0.72164
4-3-2018-07-01,4,3,2018_7,0.35947,0.43807,-0.13263
7-1-2018-07-01,7,1,2018_7,-0.18265,-0.34283,-0.30508
7-2-2018-07-01,7,2,2018_7,0.18938,0.24407,0.2939
7-3-2018-07-01,7,3,2018_7,0.57998,0.35671,0.10653
9-1-2018-07-01,9,1,2018_7,-0.16359,0.2885,-0.66476
9-2-2018-07-01,9,2,2018_7,-0.14461,-0.26433,0.01928
9-3-2018-07-01,9,3,2018_7,0.19258,0.6215,-0.46019
1-1-2018-08-01,1,1,2018_8,-0.00284,-1.12442,-0.20785
1-2-2018-08-01,1,2,2018_8,0.18006,-1.00822,0.09917
1-3-2018-08-01,1,3,2018_8,1.09986,0.30988,0.33493
14-1-2018-08-01,14,1,2018_8,0.06506,-0.55818,-0.40068
14-2-2018-08-01,14,2,2018_8,0.24179,0.23365,0.75768
14-3-2018-08-01,14,3,2018_8,0.58969,0.365,-0.2005
16-1-2018-08-01,16,1,2018_8,0.0112,-0.9188,-0.23895
16-2-2018-08-01,16,2,2018_8,0.0486,-0.73862,0.77073
16-3-2018-08-01,16,3,2018_8,1.25521,0.2321,-0.10484
19-1-2018-08-01,19,1,2018_8,-0.26589,-0.97868,0.17461
19-2-2018-08-01,19,2,2018_8,-0.11114,0.06,0.9153
19-3-2018-08-01,19,3,2018_8,0.68733,0.45546,0.07855
4-1-2018-08-01,4,1,2018_8,-0.15113,-0.277,-1.01126
4-2-2018-08-01,4,2,2018_8,0.38735,-0.04724,0.77058
4-3-2018-08-01,4,3,2018_8,0.47081,0.50189,-0.10813
7-1-2018-08-01,7,1,2018_8,-0.203,-0.43786,-0.45409
7-2-2018-08-01,7,2,2018_8,0.18054,0.21258,0.28046
7-3-2018-08-01,7,3,2018_8,1.08414,0.26347,0.0532
9-1-2018-08-01,9,1,2018_8,-0.15356,0.29537,-0.66633
9-2-2018-08-01,9,2,2018_8,-0.14957,-0.28121,0.02058
9-3-2018-08-01,9,3,2018_8,0.11926,0.63324,-0.4849
1-1-2018-10-01,1,1,2018_10,-0.03377,-1.11783,-0.20433
1-2-2018-10-01,1,2,2018_10,0.33818,-0.95161,0.09672
1-3-2018-10-01,1,3,2018_10,1.11431,0.26502,0.20833
14-1-2018-10-01,14,1,2018_10,-0.09474,-0.78749,-0.53823
14-2-2018-10-01,14,2,2018_10,0.25703,-0.11181,0.76858
14-3-2018-10-01,14,3,2018_10,0.74752,0.27291,0.02925
16-1-2018-10-01,16,1,2018_10,0.46065,-0.71925,-0.30536
16-2-2018-10-01,16,2,2018_10,0.04191,-0.68354,0.59542
16-3-2018-10-01,16,3,2018_10,1.06678,0.21428,-0.01093
19-1-2018-10-01,19,1,2018_10,-0.22732,-0.90135,0.22098
19-2-2018-10-01,19,2,2018_10,0.04245,0.0393,1.03226
19-3-2018-10-01,19,3,2018_10,0.63283,0.36628,0.05853
4-1-2018-10-01,4,1,2018_10,-0.14603,-0.16786,-0.91056
4-2-2018-10-01,4,2,2018_10,0.54861,-0.0873,0.76148
4-3-2018-10-01,4,3,2018_10,0.59503,0.48668,0.02418
7-1-2018-10-01,7,1,2018_10,-0.17487,-0.49079,-0.50313
7-2-2018-10-01,7,2,2018_10,0.15993,-0.26028,0.08796
7-3-2018-10-01,7,3,2018_10,0.52844,0.49235,0.05435
9-1-2018-10-01,9,1,2018_10,-0.094,0.09872,-0.77948
9-2-2018-10-01,9,2,2018_10,-0.17987,0.39114,-0.42599
1-1-2018-11-01,1,1,2018_11,-0.0296,-1.1509,-0.20458
1-2-2018-11-01,1,2,2018_11,0.058,-1.05112,0.04013
1-3-2018-11-01,1,3,2018_11,1.10849,0.29094,0.26004
14-1-2018-11-01,14,1,2018_11,-0.09288,-0.79358,-0.52692
14-2-2018-11-01,14,2,2018_11,-0.14705,-0.13252,0.5699
14-3-2018-11-01,14,3,2018_11,0.82929,0.24671,0.03388
16-1-2018-11-01,16,1,2018_11,0.01416,-1.09868,-0.26454
16-2-2018-11-01,16,2,2018_11,0.23925,-0.59455,0.63903
16-3-2018-11-01,16,3,2018_11,1.09821,0.22071,-0.02493
19-1-2018-11-01,19,1,2018_11,-0.24395,-0.76374,0.12868
19-2-2018-11-01,19,2,2018_11,-0.0558,0.07805,0.96479
19-3-2018-11-01,19,3,2018_11,0.68917,0.34436,0.06507
4-1-2018-11-01,4,1,2018_11,-0.12946,-0.05669,-0.9064
4-2-2018-11-01,4,2,2018_11,0.48034,-0.0191,0.63993
4-3-2018-11-01,4,3,2018_11,0.52752,0.47437,-0.05007
7-1-2018-11-01,7,1,2018_11,-0.20551,-0.35791,-0.48375
7-2-2018-11-01,7,2,2018_11,0.16398,0.31094,0.21095
7-3-2018-11-01,7,3,2018_11,0.87083,0.29265,0.18073
9-1-2018-11-01,9,1,2018_11,-0.77938,0.24937,-0.34017
9-2-2018-11-01,9,2,2018_11,-0.15835,-0.17911,-0.01555
9-3-2018-11-01,9,3,2018_11,0.13611,0.6105,-0.47702
1-1-2018-12-01,1,1,2018_12,0.01817,-0.92619,-0.21544
1-2-2018-12-01,1,2,2018_12,-0.02334,-1.10219,0.01287
1-3-2018-12-01,1,3,2018_12,1.04127,0.28545,0.15157
14-1-2018-12-01,14,1,2018_12,-0.08773,-0.65063,-0.51133
14-2-2018-12-01,14,2,2018_12,0.04343,0.04172,0.6594
14-3-2018-12-01,14,3,2018_12,0.63211,0.33152,-0.04291
16-1-2018-12-01,16,1,2018_12,0.05739,-1.12426,-0.25368
16-2-2018-12-01,16,2,2018_12,0.09807,-0.6094,0.61709
16-3-2018-12-01,16,3,2018_12,1.14687,0.22027,-0.0092
19-1-2018-12-01,19,1,2018_12,0.3512,-0.66955,0.22561
19-2-2018-12-01,19,2,2018_12,0.12286,0.07479,0.99773
19-3-2018-12-01,19,3,2018_12,0.66878,0.33448,0.04049
4-2-2018-12-01,4,2,2018_12,-0.32598,0.27963,0.3158
4-3-2018-12-01,4,3,2018_12,0.53135,0.56826,0.10647
7-1-2018-12-01,7,1,2018_12,-1.76366,0.34999,0.01256
7-2-2018-12-01,7,2,2018_12,0.16008,0.35293,0.22486
7-3-2018-12-01,7,3,2018_12,0.78165,0.34255,0.19742
9-1-2018-12-01,9,1,2018_12,-1.7638,0.34885,0.01008
9-2-2018-12-01,9,2,2018_12,-0.41124,-0.04008,0.06157
9-3-2018-12-01,9,3,2018_12,0.14677,0.61972,-0.46098
1-1-2019-01-01,1,1,2019_1,-1.76344,0.35566,0.02117
1-2-2019-01-01,1,2,2019_1,-0.93579,-0.55612,-0.09953
1-3-2019-01-01,1,3,2019_1,1.15577,0.01608,-0.00362
14-1-2019-01-01,14,1,2019_1,-1.76436,0.34896,0.02599
14-2-2019-01-01,14,2,2019_1,-0.85471,0.14917,0.49591
14-3-2019-01-01,14,3,2019_1,0.77436,0.23304,-0.01461
16-1-2019-01-01,16,1,2019_1,-1.76292,0.35485,0.01053
16-2-2019-01-01,16,2,2019_1,-0.86979,0.17569,0.24088
16-3-2019-01-01,16,3,2019_1,1.17097,0.21609,-0.11806
19-1-2019-01-01,19,1,2019_1,-1.76531,0.33874,0.01532
19-2-2019-01-01,19,2,2019_1,-1.23623,0.33621,0.52229
19-3-2019-01-01,19,3,2019_1,0.61273,0.55464,-0.30519
4-2-2019-01-01,4,2,2019_1,-0.9456,0.23084,0.38402
4-3-2019-01-01,4,3,2019_1,0.85264,0.26349,-0.59426
7-1-2019-01-01,7,1,2019_1,-1.76452,0.34404,0.01249
7-2-2019-01-01,7,2,2019_1,-1.7651,0.34242,0.02445
7-3-2019-01-01,7,3,2019_1,0.47329,0.67261,0.02354
9-1-2019-01-01,9,1,2019_1,-1.76506,0.34138,0.02181
9-2-2019-01-01,9,2,2019_1,-0.83464,0.34636,-0.07621
9-3-2019-01-01,9,3,2019_1,-0.58441,0.59101,-0.23326
1-1-2019-03-01,1,1,2019_3,0.13432,-0.81758,-0.17701
1-2-2019-03-01,1,2,2019_3,0.3002,-0.44836,0.0383
1-3-2019-03-01,1,3,2019_3,1.12194,0.11914,-0.06135
14-1-2019-03-01,14,1,2019_3,-0.7795,-0.06173,-0.31532
14-2-2019-03-01,14,2,2019_3,0.27042,-0.05732,0.83083
14-3-2019-03-01,14,3,2019_3,0.76489,0.23895,0.10731
16-2-2019-03-01,16,2,2019_3,-0.34391,-0.44934,0.50819
16-3-2019-03-01,16,3,2019_3,1.18317,0.22874,-0.42489
19-1-2019-03-01,19,1,2019_3,-0.37395,-0.49586,0.29233
19-2-2019-03-01,19,2,2019_3,0.07728,0.00053,0.76072
19-3-2019-03-01,19,3,2019_3,0.54909,0.55474,-0.33749
4-1-2019-03-01,4,1,2019_3,-0.00821,0.06228,-0.70261
4-2-2019-03-01,4,2,2019_3,-0.219,0.48624,0.15262
4-3-2019-03-01,4,3,2019_3,0.46723,0.52896,0.14939
7-1-2019-03-01,7,1,2019_3,-1.76376,0.34861,0.00735
7-2-2019-03-01,7,2,2019_3,-0.1416,0.55718,0.38942
7-3-2019-03-01,7,3,2019_3,0.74807,0.3144,-0.72579
9-1-2019-03-01,9,1,2019_3,-0.07331,-0.43013,-1.26566
9-2-2019-03-01,9,2,2019_3,-0.20377,-0.19779,-0.01692
9-3-2019-03-01,9,3,2019_3,0.16118,0.6636,-0.4454
1-1-2019-05-01,1,1,2019_5,-0.00333,-0.98015,-0.18374
1-2-2019-05-01,1,2,2019_5,0.62083,-0.81666,-0.03488
1-3-2019-05-01,1,3,2019_5,1.17739,0.35416,-0.18803
14-1-2019-05-01,14,1,2019_5,-0.14753,-0.4036,-0.54963
14-2-2019-05-01,14,2,2019_5,-0.19503,0.10792,0.61732
14-3-2019-05-01,14,3,2019_5,0.87281,0.23312,0.14309
16-1-2019-05-01,16,1,2019_5,-0.03312,-0.5044,-0.23584
16-2-2019-05-01,16,2,2019_5,0.27205,-0.59001,0.64387
16-3-2019-05-01,16,3,2019_5,1.21151,0.21542,-0.32014
19-1-2019-05-01,19,1,2019_5,0.5149,-0.52026,0.34184
19-2-2019-05-01,19,2,2019_5,-0.15872,-0.00849,0.78806
19-3-2019-05-01,19,3,2019_5,0.75868,0.50822,-0.13617
4-1-2019-05-01,4,1,2019_5,0.20346,0.03975,-0.45658
4-2-2019-05-01,4,2,2019_5,0.03717,0.19022,0.32753
4-3-2019-05-01,4,3,2019_5,0.52628,0.49528,-0.00381
7-1-2019-05-01,7,1,2019_5,-0.17155,-0.24811,-0.41696
7-2-2019-05-01,7,2,2019_5,-0.13418,0.47613,0.0405
7-3-2019-05-01,7,3,2019_5,0.77778,0.22084,-0.30771
9-1-2019-05-01,9,1,2019_5,0.091,0.0872,-0.45343
9-2-2019-05-01,9,2,2019_5,-0.17156,0.0007,-0.08823
9-3-2019-05-01,9,3,2019_5,0.10444,0.69134,-0.41817
1-1-2019-11-01,1,1,2019_11,0.30836,-1.04557,-0.08725
1-2-2019-11-01,1,2,2019_11,0.48506,-0.8752,0.12039
1-3-2019-11-01,1,3,2019_11,1.03051,0.07835,0.1768
14-1-2019-11-01,14,1,2019_11,0.167,-1.00358,-0.16814
14-2-2019-11-01,14,2,2019_11,0.3781,-0.54557,-0.08708
14-3-2019-11-01,14,3,2019_11,0.77772,0.27899,-0.16667
16-1-2019-11-01,16,1,2019_11,0.13086,-1.10276,-0.07897
16-2-2019-11-01,16,2,2019_11,-0.17458,-0.89562,0.49388
16-3-2019-11-01,16,3,2019_11,1.1616,0.00005,0.00501
19-1-2019-11-01,19,1,2019_11,0.38018,-0.58569,0.05055
19-2-2019-11-01,19,2,2019_11,0.14649,-0.46729,0.32606
19-3-2019-11-01,19,3,2019_11,0.69517,0.31245,-0.05944
4-1-2019-11-01,4,1,2019_11,-0.16534,0.0495,-0.72676
4-2-2019-11-01,4,2,2019_11,0.13689,0.09297,0.2299
4-3-2019-11-01,4,3,2019_11,0.82362,0.33556,0.37842
7-1-2019-11-01,7,1,2019_11,-0.11073,-0.4462,-0.37939
7-2-2019-11-01,7,2,2019_11,-0.12474,0.42369,-0.15113
7-3-2019-11-01,7,3,2019_11,0.78528,0.37053,-0.31896
9-1-2019-11-01,9,1,2019_11,0.10053,-0.79031,-0.17126
9-2-2019-11-01,9,2,2019_11,0.19407,-0.77672,0.59768
9-3-2019-11-01,9,3,2019_11,1.37316,-0.28812,-0.49355
1-1-2019-12-01,1,1,2019_12,-1.39048,0.20676,0.03485
1-2-2019-12-01,1,2,2019_12,-0.29674,-0.88858,0.04747
1-3-2019-12-01,1,3,2019_12,1.15972,0.1821,0.23208
14-1-2019-12-01,14,1,2019_12,0.0076,-0.39576,-0.42656
14-2-2019-12-01,14,2,2019_12,0.51018,-0.22156,0.55855
14-3-2019-12-01,14,3,2019_12,0.73931,0.4561,-0.37686
16-1-2019-12-01,16,1,2019_12,-0.05328,-1.16919,-0.25093
16-2-2019-12-01,16,2,2019_12,-0.10936,-0.83219,0.44317
16-3-2019-12-01,16,3,2019_12,1.26899,0.23544,-0.23969
19-1-2019-12-01,19,1,2019_12,-0.75228,0.21778,0.1199
19-2-2019-12-01,19,2,2019_12,-0.1571,0.23233,0.54902
19-3-2019-12-01,19,3,2019_12,0.91336,0.06444,0.64901
4-1-2019-12-01,4,1,2019_12,-1.55603,0.18333,-0.04702
4-2-2019-12-01,4,2,2019_12,-0.49726,0.33003,-0.06265
4-3-2019-12-01,4,3,2019_12,0.43368,0.59235,-0.02703
7-1-2019-12-01,7,1,2019_12,-1.29544,-0.09388,-0.04627
7-2-2019-12-01,7,2,2019_12,-0.18734,0.23796,-0.27871
7-3-2019-12-01,7,3,2019_12,0.72996,0.48338,-0.39679
9-1-2019-12-01,9,1,2019_12,-1.7636,0.35018,0.00916
9-2-2019-12-01,9,2,2019_12,-1.03847,0.12418,0.27677
9-3-2019-12-01,9,3,2019_12,1.25806,-0.36801,-0.76794